Penulis,Komentar
@bagusndog2218,Burik
@molli5758,"Film ini bagus kalau tayang di tahun 80, bukan di HUT ke 80"
@anifah13,Intronya macam film krisna
@reza_imnida,bikin di capcut ya? 
@MOXIZER,"Yaallah, sama upin ipin aja kalah jauh
Malu banget ga sihh"
@imamdenkhan5277,Katanya biayanya fantastis
@dimasprayogo5451,HAMA BUATAN INDIA
@valentinovincentx-4305,info nobar yg di sby mau ngguyu aku 
@muhammadridwan3259,Jangan lupa bawa obat ttes mata
@Stumbleguys10847,Kok orang tua nya gak ikut cari bendera?
@miaa_a4,mamah aku takut 
@calonpetrus9723,anjir iya loh pojok kiri ada Ak47 sama mp4  pubg mobile menangis melihat ini  0:40
@Yumis_539,What the f*CK this animation bro
@qneisha,keluarga somat lebih bagus jir 
@kylluw,BUSUKKK
@drewepps,"Kalo ada ️𝑰𝑺𝑻𝑨𝑵𝑨𝙱𝙴𝚃17️, pasti gue klik!"
@AzkaNabihasopyan,Rasanya kayak liat film zaman purba dan burik banget sumpah masih mending Adit sopo jarwo
@firaramadanii,; selesai gak selesai kumpulkan    ahh moment
@SumiatiChanel-u7e,"Kalo mau buat animasi yang niat lah,ngapain kalo ga niat,animasi kaya taii juga"
@ijatthetakut2,Aneh
@Erick-cj1kl,Aduh srry tapi ya ini gk terlalu bagus 
@maelunch,Aduh mata gw ternodai
@KaylaAuliafadilla,kocak
@Jessica_septhen,Indonesia sudah bersatu untuk menghujat filmnya 
@muhiksaniksan4241,Sama senjata api
@NoobieCFRG,Bang malu aku bang
@thomaskurniawan8815,Masih bagus upin ipin ketimbang ini 
@ihatenwhim,"Ngaku deh Cinepolis & tim, kalian waktu lihat trailernya juga ketawa dluan kan?"
@nasklengtime1973,Jujur aku mual habis nonton trailer inii
@NarentsYT,alhhalhh
@ariasenagms2076,"Film ini layak tayang.





Gratisan, di akun youtube. Jangan di bioskop "
@muhammadakbarwidigdomahamb8041,Perih mata gw
@aizatifwat6412,Lawak laa..tak boleh lawan malaysia lagi ni…ni versi kartun malaysia di tv
@sijebat7018,Kalah sama filem upin dan ipin
@Sinar-e7w,Kan bisa beli
@azierizky3326, masih bagus keluarga bang somat
@mikailattarfirdaus6211,Coo grafik nya kaya game
@mhaulfadli7985,Tebak jumlah dislike?
@Rev45-g1n,Itu di gudang nya kok ada tembakan emang nya mau perang
@SugestudioDrone29,MALU DONG SAMA IKLAN MARJAN
@mamiemka6021,
@KevindrahariSaputra,Apalah film indonesia mau di bandinging sama kimetsu noyaiba ya menang kimetsu no yaiba lah film indonesia jelek busuk
@anikaponorogo26,Pengen lihat film full nya dimnaa
@ZeastellaRizkyFerdinand,"jgn tonton, nanti tiketnya laku malah pada fomo kartun jelek lainnya"
@aryobimbimm,RILLL FILM ANOMALI burung kok backsound nya suara monyet?
@rianaramadhanty2789,"Bisa""nya animasi begini masuk ke layar lebar bioskop.. masih bagusan animasi"" indonesia yang ada di youtube.."
@dracomaximo631,Wakakakaka selesai gak selesai kumpulkan coy
@Onéllźzyy,"Animasi hancur, voice gak nyambung, sound effect berantakan, model nyolong, cerita ngebosenin alias template, masih minta diwajarkan yang kek gini mentang mentang standar animasi indo yang rendah?"
@21_xiipa5_niketutalittriya5,Jelekkk bangett
@deniajah7734,apaan sie ini. liat trailernya aja dah bikin kesel apalagi kalo nnton film nya.
@StevenWatterson,"Terimakasih bagi yang terlibat dalam pembuatan film ini, saya sangat tertarik untuk menonton film Jumbo kembali"
@damonputra_albarn,sama casper bagusan mana?
@IlyasKhatib-d7b,Agak lain
@alvikririzky,"jalan jalan ke padang
jangan lupa membeli gendang

BeTa BukA GUdAng
BeNderAnyA HiLanG"
@matchajunnn,"animasi TERKEREN yg pernah gw liat, (sarcasm)"
@AlvaroSuryadini-mq2bv,Cocok untuk orang di era 80-an
@Skadeproject2020,Serius ini budget miliaran?
@FidelAydan,ful stiker cikk
@SanjiOnepiece-n7p,Sampah..tapi banyak yang nonton di bioskop emang koplak warga konoha..
@ritwannudinmulyawan6311,Gak jelas
@cihuyy_70870,Siapa yang lihat ini langsung matanya perih
@jfvgg,Capek like komen kalian 
@UbayDillah-m7i,Beta buka gudang kutangya hilang
@manzsaputra,"Berhenti, jangan lanjut"
@carissardnt5369,Wah ternyata udah pada berlatih sebelum mencari bukti: bocil steroid
@newone9489,Benarkah ini 6 milyar????
@kevinkoernia17,2:01 Part terepic sih menurut gw
@TAUFIQHIDAYAT-J1E,"bikin indonesia maju
bikin indonesia malu"
@NovyHermawati,Dari 0detik sampe ke 2menit ngucap istighfar trs 
@santisyahruni871,"Ceritanya Ngadi ngadi, padahal bendera hilang beli aja di shopee "
,Seriusan ini trailernya?
@liloubeee,sakit banget mata nontonnya
@mamedpea4874,Ini hp gua yg butut apa filmnya yg butut dah
@Chaa_rawrrr,"Gudang nya mirip yg kaya di ff jir ,mana ada senjatanya lagi "
@BilalArsyanendra,Ngomong hati hati 1.000
@Dark_BaconFaqih,0:38 markas kartel apa gimana wok
@NdHwan666,Bagusan animasi india anying
@marsmile.,beneran sakit mata sakit telinga liat ama dengernya
@RezfanSauqy-v2p,dikorupsi
@Mamencukurukuk12,Kok patah patah 3gp kah
@joolio-tk4hg,"Ini film sebenernya bagus, kalo rilisnya dulu jaman dinasti ming wkwkwk"
@evagalangsofian2391,"Grafik jelek 
Udh tau bendera hilang dan masuk ke hutan itu yg dikirim bukannya orang dewasa malah anak kecil 
Udh tu hutan bahaya masih aja
Itu juga gudang tempat bendera nya bahaya banget masa ada senapan?! Dipikir tempat latihan tni kali ya"
@NaadiaNadiaadia,Nonton di yt aja bikin mata sakit apa lagi klo nonton di bioskop 
@MuhammadNabil-l3z,Bahkan kartun upin ipin leb8h bagus dari pada ini
@iqjwmskqsjs,gk usah di like gusy
@yaelahhan,nangiss bgttt
@viviwijaya-t8l,Menjijikan
@AWANSKUNK,"""6,7 miliar itu termasuk harga kopi sama gorengan pas meeting, kan?"""
@pugen3215,Apa ini cok
@ican-id,marketingnya bagus buat org jd penasaran mau nonton versi aslinya dibioskop.
@dianekosaputro791,"Keren banget, yuk nonton Alffy Rev"
@symbianeurasatriohimawan2296,Film Indonesia kartun terjelek sepanjang masa ini
@ImHanz07,0:44 Aduhhh kebelet eek uughh
@Air_editzzz,1:35 monyet bentuk burung kyk ny itu spesies baru
@德穆斯,"Jumbo adalah hasil film real budget 
Film sampah merah putih one for all adalah hasil budget yg dikorupsi dr 7 milyar jadi 10juta 
Pemerintah makin nantangin minta dikudeta mau kaya revolusi prancis ya"
@astrolover-9,6 miliar sia sia
@herysusanto2730,"gratis pun kalau kayak gini gak mau nonton,.. ngabisin waktu aja"
@jonitan78,KEREEEEN SKALI KALO DIRILIS TAHUN 1950
@iamiver,"Salam interaksi bikin animasi
Duit miliaran ngakunya modal bakso plus air mineral
Intinya audit sampai ke akar!
Sok asik nyampah di bioskop !"
@depoalip,Bagus kartun adit sopo jarwo
@jendrimadsunari6545,Film paling terburukkk animasi muka nya bikin gue muntah darah
@TutiResdiana,Jangan di hujat juga kali kasian
@AscakeiTsano,SERIUS TANYA... INI KOK MIRIP FILM UNYIL YO SEKILAS..LATAR GS DLL
@Thealwayson,"Filem animasi drak web saingan mie fink ,nyari bendera ke markas kartel"
@ajengsafitri6576,Belajar sm film jumbo mending
@joelfrin1315,indonesia 1890
@Air_editzzz,"""BerHntyii jnYann LanJyutt"""
@rian_satoru,Bagusan demon slayer
@silentjackbox6554,"dinihari tadi udah ditarik dari upcoming list bioskop gaes,  that's so close!"
@yoyonatans,Tapi malah penasaran nonton hlo. Krn jd hiburan dikala streess Krn korupsi di negri ini
@fredrickariansyah1886,God bless indonesia
@dhawyrisha7253,Wow di gudang desa ada senjata api
@yeDelapantiga,animasi nya udah jelek huuuuu
@naufalarsyila9965,Kok jadi malu sendiri liatnya...
@FansNaa.,1:47 Suara Ny Kyk orng Ceramah 
@Rea.136,Kek animasi jaman Majapahit euy
@alexanderbryan2091,FILM BURIK MENDING GANTI GRAPHIC EPEP
@Igedecellodinantara,Tf is ts?
@indriyani4863,Gak sesuai dgn budget yg katax 6 M saya beri rating 1 ja masih kalah jauh sama jumbo
@cadistiani,film anomali
@Willi-m1d,Bikin mataku sakit
@ivanbennysajow,"Sangat2 jelek dari segala segi dan segala sisi ya ampyun.. saya cukup nonton trailernya saja. Gak mau buang waktu sia2 sejam nonton film kartun terjelek sepanjang masa. Sama kartun Disney, DC comic tahun 90an aja kalah jauh. Malu ama Upin ipin."
@KimAndreaChannel,Kebangetan si klo harus tayang di bioskop. Harusnya di Spacetoon. Msh oke lah.
@ENDPEARL,"Bikin Bangga Indonesia  
Bikin Malu Indonesia "
@BR_167,Karakternya serem
@nestaalkhalifi19,absen yang demam abis nonton trailernya
@adelwaiz2666,hahahhahaha.. kartun apaan sih gini.. bagus lagi malaysia
@nauraart6,"""berhentyi, jyangan lanjyutt"" apa coba"
@checiave1799,jelek jeleknya film ya ada disini 
@Christiannn21,ini masih tahun 1990 ye?
@adiethyupz4417,"editannya kelihatan bgt,gmbar kasar,kaku"
@21heaven,Aelah
@nnlchannel,LAILAHAILALLAH 
@AgeraNur,LAMA-LAMA SAKIT MATA GW LIHAT VIDEO INI. MEMALUKAN!
@EDK-Channel,malu
@ajivbohemian,Cinepolis lu gk malu posting beginian
@ruzanadhiauddin1171,Bendera hilang bukannya bisa beli yg baru ya?
@左-Xsora,bykan ny beli ke pasar
@rizaldi5144,"Bener bener malu maluin INDONESIA banget ini film .
Grafik nya kenapa seburik itu 

Gak kebayang dah apa kata dari negara negara lain KLO ini film animasi buatan INDONESIA ."
@ReifanPrasetya,GRAFIK NYA BIKIN SAKIT MATA NAJISSS
@ST4R_aCORN,Kok ada pistol sama yang lain di tempatnya bendera merah putih
@faizalwaris4704,hahahahahah
@vansaboy,Mata ku sakit woi
@YAOSIMING,Masih bagusan little Krisna jirr
@qyaras,busug bgt
@tribagus3578,0:54  berhenti jhangan lanjyut
@FunAIedits-l1v,0:42 bendera beta gudang benderanya hilang! Oh noo
@DanielRudiPutra,Ini sih udah mencoreng perfilman Indonesia..kmaren udah ada jumbo yg mampu menaikan film animasi Indonesia.. sekarang ada film begini.. parahh
@Yuzionnn,Hapus aj ini filmny malu maluin indo
@hudamodly7913,"Pesona film 6,7M"
@HasnahHalish,Jelek bngt anjr
@ichaeriana3133,"actually this ""merah putih : one cone tall"" right?"
@harunwibu3777,Proyek cuci uang bjir
@zero-10-v1h,ini yang katanya mau bersaing sama kimetsu no yiba?
@aneenlovers,Bikin malu nih film
@jeromefindley-q9q,𝑰𝑺𝑻𝑨𝑵𝑨𝑩𝑬𝑻17️ emang udah jadi inspirasi konten kreator banget
@Hdhsjsjks1838,"Garing, filmnya gak bermutu. Makan tuh animasi burik"
@SomaSja,Bikin kok gini
@ЅӨӍЄӨҊЄ-г2ъ,0:38 Markas kartel wak
@trovixcore,"Kalian serius ini official trailer nya? Coba searching lagi lah, mana tau bukan ini videonya."
@Nova_Noka,"Gw mending nonton film Jombo dari pada nonton film merah putih one for all mana udah jiplak google karakternya , mana suara burungnya kek suara monyet malu-maluin nama Indonesia aja"
@manualrobert,"Setiap kali denger beat kayak gini, langsung inget 𝑰𝑺𝑻𝑨𝑵𝑨𝑩𝑬𝑻17️"
@braxysetiawan3461,Absen yang kejang kejang setelah nonton trailernya
@everabineno9566,Kebanggaan Indo
@adityawisnu,Gue mending nonton film unyil tahun 80an daripada matitersiksa nonton ini
@ganjarXegawati,Film macam apa ini dwag lebih baik liat brainrot jirr dwag udahlah ada scar
@RevanAlthafiasany,Film terjelek didunia dan memperlakukan Indonesia
@HanaIzzatiAquakeren,Allah..
@Suhendang-kd5qp,ini film terlalu lebay
@GaaMuu_Official,Gila ni film masterpiece favorit  gw cog gw yakin nih asal naro keyframe
@kiatcahyadi8335,"animasi kartun tahun 90an malah lebih bagus dr ini,,, film sampah gni kok bisa lulus masuk bioskop? wkwkkwkw"
@IPA009_FinaNailatulIzzah,Film indonesia pertama yang terjelek
@h4chiiipiwwww,Ini apaan coba
@JayaPermai-w2f,Bagusan baby bus
@haidirhd5867,Jaman pentium dx486
@hrmnse7899,Animasinya sehebat sinetron
@raraaarara-wl7zo,malu ih
@marcelinusjechoniahposmaes8569,"Jgn ada yg mau nonton film ini wei..
Jelek x.."
@cillahtasbihakhairunnisa-o1u6c,"""Tapi Hilang Bendera nya"" bahkan disini udah bikin bingung, seharusnya ""Tapi Bendera nya hilang"", terus juga ""tindakan apa YG akan diambil?"" harusnya yg diganti dengan yang saja, tidak usah di persingkat."
@Fagina_harumi,"Kalo benderanya ilang tinggal beli aja ditoko2 terdekat,beli 2 gratis bendera one piece.
Ngapain nyari sampai ke utan2 bikin bahaya anak2 aja,cuma bendera aja kok banyak yg jual.
Ahh gk bermutu blas ceritanya, uda nontonnya bikin sakit mata, ceritanya begitu pula...."
@Pijipiji-x6j,Bisa beli di pasar juga kan tadi lewat  pasar
@emojiru,"nggak mungkin sih ini , ini sih ceplok2 gambar aset2 3d downloadan/ beli. buat mancing respon."
@aaanam19,nilep berapa duit nih
@ikbalaryyy44790,"Ini film masterpiece jangan lupa ditonton,btw yang pake steroid seksi banget"
@AIISLAM7580,Bikin motopicek
@JokiBobaAB,Bikin sakit mata
@arbaenterprise,Tahi-nah....8M terkorban...
@DedehSumirat-m6d,Animasi terburuk dan terbrengsek yng pernah dibuat
@KhalifaUmar-t8h,"""berhenti,jyangan lyanjyut"" "
@azasubhekti8140,Kyk gini mau masuk bioskop…
@haryochel8523,Ini ada pesan PKI kah di trailer sin di gudang kok ada senjata laras panjang .
@kazuma8762,
@UniSoviet-u3i,"Padahal tinggal beli bendera baru, dan ngapain coba nyuruh anak kecil yang nyari bendera ke hutan kemana orang dewasanya, apakah itu spesies burung baru, bisa bisanya bendera di sandera"
@syahdan6,"Film ini bagus, tp ditonton tahun 1970"
@SyifaNabila-q4t,Mending film jumbo dahh di liatnya ge enak lah ini ga tertarik bangett wkwkwk
@AmyElena-h9r4g,Buset gw kira ga seburuk itu dan masih bisa dimaafin.... Tapi Pas liat trailernya....
@Bintavers_Aninn,"Ini baru trailer, gimana film nya? Bikin bangga Indonesia bukan, bikin MALU Indonesia iya"
@Alvino68-x,animasi pemula
@yonathanpaulanggara6862,Gw rasa animasi film indosiar sama mak lampir lebih masuk akal
@opencrack1606,Balik Bikin film horor aja deh
@3tarusT,
@krisnadinatha1709,Anakku yang umur 7 tahun aja bisa bilang ini film PARAH banget pah 
@orgsigma123,Realita sekali ya
@neruyopastel8031,Hati² nya udah berapa kali itu aduhhh!!!
@ntarja8618,Halah nonton ini doang gw merem juga langsung tidur 
@Adaaaww,"Aku suka yang baju ungu, tapi dia jatuh ter pleset Lina kamu cantik banget pengen jadi pacar nya ya AIIah semoga dipertemukan dengannya"
@arkananoerida2140,10/10
@kenzblekok7730,Aneh jir karakternya mana beli lagi padahal bujet nya udah besar kualitasnya turun drastis
@vaelstromzy,pakai duit miliaran cuma untuk ini sybau
@AchmadRizani-d1u,Mending film si Unyil
@sunandar6739,BENDERA INI WOY TINGGAL BELI APA SUSAHNYAAA
@erik_rorr,Burix banget anj kaya grafik epep
@Dom_sky,Modal 6m Bagus nya apa Cok wkwk
@sugionosugi5067,"Burung suara monyet , gokil"
@SomaSja,dan uang buat bikin filmnya aja 6.7 m rupiah lagi
@andimixxx,yg bilang bagus hanya buzzer!
@Josuke-higashikata-h4b,0:44 Aduhh kebelet eek
@AfifahQaireenSusanto,Kenapa kagak beli di pasar kan lewat pasar
@AbahNurAliman,Menit 1:00 sama 1:01 jatuh nya dimana nyemplung nya dimana
@cheffielore,oposeh iki 
@mako595,Gua lebih milih liat leptop si Unyil
@zaldeeen,jelek bgt wkwkwk.
@sitikomariah8411,Beta bhuka gudhang bendheranya hilang
@bobohojelek2134,"Njir 6.7 M kyak gini filmnya? Korupsi macam apa lagi ini, korupsi udh mendarah daging cokkk"
@QiuQiuChannel-ni3xj,Buset jelek amat terus d gudangnnya kok ada rak penuh senjata ya!? 
@NailahNadiah,Tai film tai
@kurohise8801,"bagus, aku tertarik, tapi di kota ku engga tayang :("
@Zunda-kun,Animasi pekob masih lebih bagus co 
@EkaSaputra-j2u,Gw udah ubah ke resolusi paling tinggi kok masih gini gambarnya guys
@MettaNararya,Adek gw nangis habis nonton ini🫩
@KV-CHANEL-c9r,"Burik bet dan nih animasinya,,,cuman tulisan nya yg bagus"
@qidzunazahrotussyifa9174,Kalau dimalaysia ada lagu harimau Malaya maka di Indonesia ada Merah Putih hadeeeh
@permadidarren5881,Dikon kon nonton karo cak Yockie ae 
@WH4T-z5b,Jadi inget grafik ps2
@MS-po2oj,6 ribu 7 ratus juta untuk hasil film animasi yg sgt membangongkan
@3denym860,"di ig produser di sebut biaya pembuatan sampai 8 M, trus soundtracknya dipilih dari lomba bjirrrr"
@ElRumi-r1m,Tinggal cari toko aj malah dicari bodoh kali bah 
@muhammadauliawardhana9597,0:12 kaya NPC game tahun 80an
@Cheesec4k3_0,6.7 miliar jatuh di tangan yang salah  6.7 jatuh di tangan yang benar 
@DenioAzka,Padahal lewat pasar bukannya beli
@myouiiiissss,Najong bgt
@SomaSja,Film jumbo bagus: masa depan bilek:dah lah bikin yang jelek saja
@AmankTamin,0:38 hayooo siapa yg liat ada si AK
@CulisPs,Kayak kartun India yg aku bukan anak kecil paman. Panggil aku sipa
@That_one_matcha,Aku punya feeling kalo ini itu di sengaja in jelek trus full nya bakal jadi bagus bngt
@jjk_wife01,hasil dari dana besar malah ngerusak mata
@iezhandayani9574,Duh jd ingin ikut menghujat 
@endahliif7860,"Malu sama prindavan,animasi mereka 1000% lebih baik dr kita"
@aufarkachanel,Sedih filmnya
@ekinandairsandiekinanda5989,Burik anj
@skeptismistis,"JADI MALES NONTON DI BIOSKOP, MENDING NONTON DI APLIKASI."
@ayaaarchive,jelek banget maap
@JUSTICEISHE,0:42 Beta buka gudang ketemunya khutang
@aliongho2951,yg begini jangan di tampilkan dulu tunggu tahun depan kan bisa.hasilnya jadi di buat asal asalan
@IsroGanteng,"apa ini?, porno?"
@arzettaisalittle7617,Bikin ngilerrrrr4
@FieldTechnical,bikin takut
@marsasawaisabel-uu9vs,Bagusan dhot design
@SumiatiChanel-u7e,System hitamm
@rioarianto3774,Harus nya tayang di tv bukan di tv trailer nya aja kaya film 90an di tv kaya kartun sifa
@FadhilWafiq-v9e,"6,5 kok gini jelek amat"
@muhamadfitrifatjri,grafik 90an
@meilindapratiwi3078,Bendera banyak yang jual padahal :(
@FIRNASHR,rasanya pengen pindah negara
@hanan391GD,huhh.........udahlah aku capek sama negara aneh ini
@TF2GAMING_OFFICAL,Mending nonton demon slayer bah
@InaraJiko,Plis takut banget pas udh nonton
@BŁACKHOŁE-x5f,"Film buat bikin Bangga
Film buat bikin stiker "
@サヤコリゼン,GK bgt njirrr
@ftjhp4216,berhenti jangan lanjuut
@registabungawijaya,ASTAGFIRULLAH !!!
@Nevtynime,"Hmm kok ada airdrop !?  FF KAH INI
Kok burik amat & kaku

Saya harapkan film ini jadi film tidak ada yang nonton sama sekali di bioskop "
@fictionalcreaturess,"""Selesai ga selesai dikumpulkan"" Ahh "
@hikmahwibawa2782,"Orang Malaysia tertawa melihat ini, jadi bahan bully internasional."
@andikafernanda6624,masih mending animasi Adit Sopo Jarwo
@geraialfa7737,anak gue suruh nonton yang viral
@clipediahub,stopp jangan lyanjutt
@ibraheemCHNL,"Bukan mudah untuk membuat kartun animasi.. Paling tidak ada org yg setengah mati memutar otaknya untuk membuat animasi ini.. Semoga di tahun berikutnua jadi lebih baik lg ya.. Walopun dana 6,7 m hanya menjadi cacian..  Sya harap tidak ada tikusnya ya di tim ini.."
@radit777-b8q,Kenapa gak beli aja benderanya
@adepaiky8899,Grafik setan
@mardionovivo1530,"Masih mending nonton Adit SOP Jarwo, kalo nonton ini gak bagus kualitasnya"
@leo3865-c7l,This 2025 not 2000...plaese wake up guysss..
@akunnontonmaybeacashier,"Yang baju hitam mukanyaaaaa, mimpi buruk gw malam ini  0:12"
@brotherhood4018,Gak jadi turun layar kah?
@Ucok_proUcok_pro,Film nya cocok rilis tahun 1960
@anikaponorogo26,Animasi sebagus ini kok di hujat sih emang orang indo paling best urusan nyinyir
@TiaYustiana,Yg bikin pea
@samueldimastamariyadi5797,apasi ajg film ini wkwkw ancur
@audinarianda2469,Grafik apaan inii
@Chinese_2025,Masa burung suara nya monyet
@Fiftyonechain,Pengen debat sama animatornya:)
@millah1959-ri8cr,Ini film pke computer windows 2 yah.luar biasa banget banyak cacatnya .mending nonton one peace yg lagi rame 
@ellentjandra2322,Aduh... Bagaimana ini?
@adelliougroseno,"suara burung 
suara monyet "
@SantiSartika13,Tinggal beli lagi sih apa susah nya miskin banget tuh kampung beli bendera doang
@abimanyuabimanyu3329,Wajah tokoh-tokohnya kok menakutkan semua ya 
@Kyzyna_Ch,grafik nya.....
@Louch64,Apa ini cok
@slomow-1540,Jir 10 tahun lalu bisa cook film kek battle of surabaya sekarang buat sampah
@PaulinusYoga,vidio gak jelas
@AzlanGz,Langsung kejang kejang gw setelah liat trailernya
@untungari6973,lebih bagus dontol
@fjr9916,"Sudah capek² ""jumbo"" menaikkan kualitas film Indonesia, malah diturunin lagi sama animasi model ginian."
@FadilahSiregar-k4s,WTH is thiss!!!!
@MandaNopie,Ini emang tema nya tahun 70-an apa gimana yak 
@sriyani501,Malu²in
@banduk8916,Uelekkk
@yaszgaming1528,Film grafik taik kek gini mau d masukin bioskop anjir tebak viewer aja udah orang juga mikir2 anjir budjet gede d apain aja
@apaajalah-m8d7,"Kualitas video:1080p kayak 144p, mending epep apa merah putih OFA "
@rosyidahrosi8707,"Beneran masuk bioskop?
Koooo bisaaa"
@BejoDA,bikin sakit mata ...
@embekkh,"0:06 80th maksudnya??
0:11 sakit mata liat bagian ini
0:14 rajin bngt Ampe dikasih kertas kado segala tu hadiahnya (rispek panitia 17 Agustus)
0:24 satpamnya 
  (salfok sama Marsya)
 harusnya ""tapi hilangnya bendera"" gasih?
 capek bngt dh
 beli aja sih di pasar 
 terbang kak
 teriak kek om²
 anak sekecil itu berkelahi dngn ular 
 brung cantik
 suara nya kek nenek sihir (rambutnya kek abis kesambar)
 SE susah itu kah nulis ""yang"" ??"
@juho2115,Animasi paling kampungan 2025 bagusan jumbo
@Qienza,"1:30 apcb burung bunyi monyet bikin malu indonesia anj, kemarin dah bangga punya jumbo malah tiba tiba ada ni animasi"
@maskanahbintisawi85,Baru liat trailernya udh sakit mata apalagi full nonton auto mual2
@RafaAgustio-s6f,animasi indonesia macam apa. ini kocak 
@dailysholawat4687,"Film yg sangat cocok menggambarkan pemerintah Indonesia, Bajet yg di korupsi, asal2an."
@SquliFerr-mz1zd,Jelek
@ApolloMarina3,Tolong mata saya sakit
@EvanRisky-e1d,Lebih hd kartel dari pada ini jir 
@winartiputri4270,0:33 salfok sama marsha and the bear di belakang
@AninDya-d3k,Damnnn
@ramayina,"maaf, lebih takut nonton ini dripada kartun horor "
@farhanalvisyahrin3460,"Bagusan free fire max anj, malah free fire yg biasa juga masih menang"
@zettaridwan1733,"Kata yang buat ""lah gmn,ikutan tender tapi duitnya udah kepotong banyak buat jamu ordal, yah ini kualitasnya sesuai dgn sisa duitnya"".....ini suruh tim Somad kalogak nusa Rara juga selesai..kgak butuh M M man"
@richarddamanik8013,Berhenti jangan lanjyuttt
@ndyinfus8586,anak karang taruna mana yg bikin film ini ?
@STAR_BANANA,Sangat memalukan
@hotoka-kun,Ceritanya ketebak banget
@amarproduction6945,1:46 modal ai 
@sunfflowerr,sakit mata liatnya
@Sabuknusantara66,Mending nonton sopo & jarwo
@ЅӨӍЄӨҊЄ-г2ъ,Tolonggg mata gw padahal udah pake kacamata tetep sakit
@TiaraLestari-t3g,8bit
@Wayu-576,Yo knp ada ak47 di gudang 0:39  dan knp ada burung suara nya monyet 1:29
@dolliee_b0mzz,1:25 LINA NYRI MSLH
@dwii.faridaa,1:29 wtf
@kim_agil417,"Kukira ini bikinan orang iseng, ternyata ini official dari yang bikin"
@Hapisaname,memalukan
@fahrikazekage5756,Masih bagus gambar film jumbo
@melangkah1602,Kartun yg katanya pake dana hampir 7 miliar tapi hasilnya sehat jelek begini kok gak boleh di hujat... Ntar gak brubah-brubah ini negeri di korupsi terus
@kaylaayulintang,"film nya bikin rusak mata ga si, film gini tayang di bioskop pulang” yg nonton lgsg sakit mata"
@attashelby4016,aib negara ngapain diposting njir
@FISHINgPlace-q2i,"BERHENTYIIII JHYANGAN LANJHYUT"" MALU GUA SAMA TRAILER INI"
@SriMaheniHartatikDawis05,"""beta buka gudang benderanya hilang"""
@itscozuart6046,Burik anji n c
@parel1610,Sakit mata woi
@IndahLestari-p5n,Ad senjata anj di guadng nya
@dedisamsudin2739,Siapa yg bikin
@Bohrodir,"Guys, berhenti komentar yang jelek-jelek, aku cape ngelikenya"
@teraskacaofficial5103,"Mau bersaing sama kimetsu no yaiba, wkwk untuk kny dengan animasi durasi 20menit kurang aja butuh 1,2M, itu aja pengerjaanya 7bulan, ini layar lebar budget 6M suruh kelar kaya tugas power point smp yang besok harus dikumpulin,"
@maiaanes3308,"Bikin anak seneng no
Bikin anak sakit mata yes"
@YatzZ-TryHard,"Grafik jaman Majapahit
Masih kalah sama Film Jumbo"
@kenzo_cogan,"Kan suruh cari bendera kan lewat pasar masa g beli di situ pemerintah oon bngt bah, hewan aj beda suara"
@MasRisky26,https://www.youtube.com/watch?v=9qBcG6dfbPo masih bagusan animasi gromore studio cerita rakya nusantara
@SumiatiChanel-u7e,Buang ke dark web aja
@AnakUdanh,"Berhentiyy, jyangan lanjyutt"
@hellobeats,ga sabar nunggu karakternya masuk GTA SAN ANDREAS MOD
@safwanshaaban4955,Film 90an ka ni? Badut juga
@NurLina-kn9gw,"Naskah kakeknya ""aduh kebelek EE"""
@teachteach_ID,0:42
@PutraMelayu-k7h,Buat malu anak muda Indonesia
@putrafremont,"Cinepolis dalem hati ""njir malu bgt posting ginian, tapi gimana lagi"""
@PennyMccool83,Freak argh....  grrrr....
@anantarestuayanda8789,6 m lebih?g salah?
@acilpinkyboy-z5q,"Ini dia beberapa penampakan di film gj ini
0:13 marsha and the bear
0:33 marsha lagi
0:42 gudang senjata
 anomali burung
 suara bocah kayak mbah dukun"
@petsco7439,"Dari segi audio, visual, bahkan pemilihan kata, sangat memperihatinkan... Kalau memang buat anak kecil, kenapa tidak cari referensi semisal seperti animasi cocomelon. Bangsa apa ini? Random sekali."
@aliendrums9362,Wapresnya aja kayak gitu.. Mau ngarepin apaan negara ini 
@Rezzzyy,Anime berserk tak seburuk itu
@annecitaa,kek film hantu pls
@awanHITAM_O4z,Animasi terjelek dan terburuk
@TerempeduJr,terharu sampe crt
@vincentiusvlm3705,Ini film ditayangin di Bioskop?
@yogafinery5370,Karakternya semua Overlay   tembus pandang 
@jungkieeee765,trash grade
@NaufalAlparis,"lah bukan dibatalkan, kok masih bisa tayang sih... takedown aja nih trailer..."
@yeDelapantiga,bagusan jumbo
@someon-e1e,Coba bandingkan dengan animator Minecraft 
@KenzuuuAlfaro,Beta buka gudang bendera hilang
@galihadhie-xt6sg,Asa maen PS 1
@D33W4,
@SayaFifi-x8d,overrated anjir kartun nya
@fansjunhee-222,"0:02 pelukannya aneh, tangan sama tangan nyatu
0:07 kenapa harus TH? , Gak bisa di perjelas dengan kata ""Ke-80"" 
0:13 senyumnya creepy + aneh
0:20 kedengerannya anjing
  tangan bengkok+ dada panitianya woilah
 Gak sinkron kata² nya , kenapa gak ""Tapi benderanya hilang""?
 markas kartel+ barak militer
 Bukannya beli aja di pasar, Mana jalannya kaku
 berhyentyi jwangan lanjyutt
 hati² nya 4 kali dong , terlalu kaku kata² nya
 mulut sama omongannya gak sesuai
 rambut nembus topi wkwk"
@rrrrr716,Horror bgt ya
@akunyutub012,"Pasti ini mah ada salah satu instansi pemerintah minta dibuatkan animasi dan terkesan dipaksakan untuk dipublikasikan. Kalo murni pihak swasta pasti mereka udah tahu bahwa film ini buruk dan gak akan dapet cuan. Bioskop juga kayanya nurut aja untuk nayangin ini film. Ya tahu sendiri lah, konoha kan sekarang negera ala ala."
@noorhadi6022,KARYA HAMA IQ78
@asprhyu-q4p,bagusan grafik epep
@dbellong,Sudah bagus ada Jumbo eh malah nongol yg kayak gini
@yamalap-g,"Ini film anomali banget sumpah,bahkan AI aja tau ini low quality"
@lianggamang,Film sampah wkkw
@PINEAPPL-g9z,Gw yakin banget ini pasti yang belum jadinya biar jadi plot wist
@nandafirza30,gila kalah sama swasta cok cok
@Chandrikasri-s3h,STOP FILMNYA Janguann lanjiyyuutt
@dikiralucukah,untung batal tayang di sini
@indrasahidun,Kartun apa ini
@markusgurning6321,opo iki cokk
@mayothegoosereal,edit guna capcut kot.
@agitmustari5759,"6M nih bosss
Senggol dong"
@its.jee15,film yang sangat tidak jelas
@TigaDelapanGroup,Saya bersumpah tidak nonton film dengan animasi terjelek
@Ri__rin.,animasi apaan ini jir?? woilah ngakak banget cik
@AlDzaky-mg6xd,1:39 rambutnya tembus topi
@AdamRayyan-q9w,"00:10 masha in the bear
00:32 masha in the bear lagi
00:38 celana baju merah robek
00:39 gudang sekolah ada senjata
 padahal ada pasar tapi gak beli bendera padahal ada
 tulangnya patah
 jatuh di kiri jatuh do kanan
 hati2 nya banyak kalii
 padahal ada ular tapi mala ularnya lari
 anomali burung
 bocil suaranya kaya dukun"
@bellatrixlestrange6704,Bagusan Ai
@SuryaWeeviL,ini tugas siapa yang ngumpul ampe keupload ?? serius nanya bang...
@DedenSusnandar,Kayak film tahun 2017
@AzuraaFanz,"ini film animasi apaan ? eh busyett.. , kalo gak bsa buat animasi, uang 7 M itu libatkan animator2 indonesia yg sudah berpengalaman. dan buat sebaik mungkin.. bukan asal2an kaya gini"
@justyouraveragecountrybump5558,the amount of abnormal shits in this trailer alone is craaàzyyy... can't wait for the whole movie 
@Mas_rerey,Pas bagian jatuh nya ngakak njirr
@JerriJer-u9u,Ga malu?
@jalohalikhlas-t4b,"Di ingatkan jangan menonton film ini,sakit mata Dan gaa masuk akal"
@DCPARADISE,Film pasn ni cok 
@YanzzZ44-j9b,"Grafik nya hd banget, dari saking hd nya Sampe adeck ku Harus pake kacamata untuk Selamanya "
@PramudyaRafifElRahmad,AYO KITA SAMA2 BOYKOTT FILM INII!
@Kiya_Ackerman,"Buat sendiri
Beli sendiri️"
@auliafaiza5792,Matanya pada juling kenapa dah
@simak_terus,"Sudah di set play 1080p tetep aja burik, Kacau bener "
@elalizzygrant,"jelek bgt sumpah, kalau diliat sm negara lain malu bgtt ihh demi Tuhan gak ikhlas bgt kalau film sejelek ini tayang di bioskop, malu maluin negara aja. beneran nih film se kaku ini anggarannya sampai 6M? hahaha ampun dehh, udh banyak yg minta jgn tayang, kalau jadi tayang siapa jg yg nonton wkwk. pikir"" lagi deh yaa kalau mau nayangin film ginian."
@TegarBudiPrasetyoTegarBudiPras,Jelek banget
@EthanGAMING-n1h,"""Beta buka gudang, nemu kuthang"""
@nurefendi5716,"6.7M buat film kayak gini? Itulah Indonesaaaaaaaa, matane!!!!"
@arganiadhyaksa916,SERIUS FILM BIOSKOP KEK GINI??! INI 2025 LOH!!!
@myfavJDM,grafiknya kayak video pmbnhn
@de4aniezss,"beta buka ghudang benderanya hilank 
berhentyihh jangan lanjyutt"
@AditamaSatriya,tafak apaan ini
@AzzamPrawira-w7e5x,"Kenapa ya orang"" ngehujat flim sebagus ini? padahal ini bagus banget lohh,bagus buat ngerusak mata,jiwa,raga,dan walaupun flim ini juga bisa membuat Indonesia bersatu... Bersatu menghujat flim ini"
@herdiansyahesc8667,Haduhhh
@ItismyBowling,Kaku ihh flim animasinya Ai sama video ini bagusan Ai gkasih gays
@jfvgg,Contoh nyata kegagalan produksi
@sofiyanti4660,Kan lewat pasar kenapa gak beli bendera nya
@sunshine-k1sn,1:46 jyikAh kyaliaN inGin Bvendera iNicH taNgkaplAh BurUng yAng TaDi kyAhlian lePaskaN~ 
@servantofgod8222,
@MuhammadFauzan-l2d,MIMPI BURUK KALO DIBUAT JADI ANIMASI
@jokogitusih8504,"JELEK SUMPAH.
Sy punya rekomendasi kalo tau punya duit mending ajak tim DOES UNIVERSITY sekolahnya erick soekamti di yogyakarta itu jauh lebih baik drpada  film ini"
@putriprinceadskhan9247,Tidak bisa berkata² aq jadinya ️️️️
@VeliveFesta,Bagusan thomas and friends jir 
@Wongkokunikk,grafik kartel njir
@someon-e1e,Picek mata!gw
@novitaalya-w5h,Jelek  banget animasi nya
@TheFourHorsemen44,"Keknya aku edit pake capcut lebih bagus deh, dengan sound design nya yang sudah tidak tertolong begini"
@adan3956,"Kek gini nau tayang di bioskop, proyek pemerintah pula. Pada punya malu ga sih?"
@BonbonFam,"bahkan, animasi dongeng dari kaset VCD hadiah susu Dancow tahun 2000an lebih bagus dari ini "
@HNproaudiorembang,Burik 
@nanangbhramantya5228,"anakku yg umur 9th aku kasih liat ini & tanya pendapatnya gimana langsung dijawab ""burik"" dah gitu aja.."
@Zyness11,1:14 ada karakter lari ninja gk tuh
@bangnan777,Padahal ada banyak bendera yang berkibar di gerbang. Hadeh.
@Moonlight_pinggs,"burung suara monyet, kocak"
@raffigranger,Kalo di bandingin sama sopo jarwo mending nonton sopo jarwo sih
@andradjibran5645,END GAME juga gak ada apa apa nya jir sama ini
@bunkdoni9793,Menuju kemunduran bangsa 2045
@onkuadrat1077,Konyol
@berthonhutagaol81,"YA AMPUNNN JAMAN DIGITAL BEGINI, INI ANIMASI HANCUR BANGET, BIKIN MALU INDONESIA AJA, BAGUS TIDAK USAH TAYANG"
@maulanaasad5445,"woy anjenggg film apa ini kocak, mending kau tf aja ke aku buat usaha jual arak jembott, bisa profit jadi 6M 10 ribu "
@heriyantodimas,jelekkk bangett
@orangtertypo8249,bang nanti basuh pinggan
@belajarbareng6283,Pertanyaan ny knp bisa tayang di Bioskop sih... Hadeehh malu maluin 
@rakha_thhar,"jujur sakit mata nontonnya, lightingnya jelek, ceritanya kurang menarik"
@ireshanraty,Takut banget kepencet mesen tiketnya
@tegarengay41,anggarannya 6.7 miliar tapiii jelek bet anjirrrrr
@Suriansyah-z2d,Berhenti jwangan lwanjwutd
@pigman7774,FILM JANCOK
@pinjuladi7212,"1:55
TINDAKAN APA YANG AKAN DIAMBIL?
TINDAKAN APA YG AKAN DIAMBIL?"
@bluishcloud3055,"Indonesia 80 tahun 
Indonesia tahun 80 "
@NailahNadiah,8m kayak film roblox
@kotarohardrockbontot1924,A wokwokwok wokwokwok
@gregoriusbayuaji7962,Pliss cinepolis janganlah rusak reputasi baikmu dengan menayangkan kartun ini 
@GaedufDoy,"""Pokoknya besok tugas dikumpulkan! Selesai ga selesai dikumpulkan"""
@Violet_OWO-x1z,WOY LAH TU CELANA NEMBUS SAMPE KEK CELANA BOLONG ITU BAH
@Azka8SDA,01:00 pasti sakit tuh rasain
@Zivy17,singkat saja JELEK BANGET 
@Mochi_12d,Kok bisa masuk bioskop? 
@YanzzzspSslyanss,Darkweb cok 
@GL1TCH-3D1T,"6,7M buat donasi X
6,7M buat makan uang rakyat akkwwkwkkwkw"
@lailaza_2152,apa ini anj
@IkaSipahutar,Sakit mataku lihat pergantian slide ppt ini deh..
@herisulaksono6138,"bangga dengan anak TK jaman sekarang, sudah bisa menghasilkan animasi seperti ini"
@IkaAndrianti-b7o,0:44 aduh kebelet eek 
@yonitakkato9305,Ini di buat hanya untuk kegaduhan negara ada agenda lain yg sedang di garap
@ririirhami7683,Ini iklan atau film kementerian kan? Untuk dokumentasi pribadi kementerian kan? Bukan film yg tayang di bioskop dan harus bayar gt kan? Iya kan? (Bertanya halus memaksa minta diyakinkan)
@rachmatariadi2708,Jelek banget kocak
@ErickMorales-w3f3d,Ko animasinya bagus sopo jarwo ya...kurang detil...
@lingganesia,Kok jelek to?
@agungsfamily1673,Keren bgt! ini asli dibikin sama anak SD?? Pasti gedenya bakal jd animator hebat!!! Salut!
@allunaqueenYT,cari bendera ke hutan lewat pasar ada yang jual bendera kenapa gak beli
@sunzcyyyyy_,"beta buka gudang, ad putri Padang"
@ArgiaRande,Jir  film apa ini grafiknya lumayan tapi gerakkan nya harus di perbaiki y  
@alfredoristanoen251,Akhirnya beli dipasar burungnya
@maiiganzz_0295,"anj mata gw perih abis liat animasi ini,sbenernya niat gk sih bikin animasi?dana 6M kok gini satt"
@yazidfanani4057,Jelekkkkkkkkkkkkkkk
@Masak_Ibu,Jijik liat trailernya juga
@rul3g,Gyatt
@mattkurniawann,harusnya judul filmnya itu Money laundry one for all
@Harry001-c2b7n,0:23hansip tobrut njir
@cosprite_indo,Kok ada ak 47 digudang wak
@narendracetta8025,Celananya bolong
@chizuez,"1% ngerjain film
99% nyogok bioskop nya

REAL or FAKE"
@RizalFaiq-h2j,Njis
@lyraalmayra,Suara burung jadi monyet gaje
@Fuadamasy,takut bangeet kebagian tiket
@bigbomber528,"Ngapain cari bendera didetik 0:08 banyak kali bendera, napa gak diambil 1 dulu "
@Azzamchannel26,"Takut gak dapet :
Takut dapet :"
@Jaka_Sastra_Regan,Klo dibuat adik2 SMK jurusan multimedia yg baru masuk th ini mungkin lebih baik hasilnya
@dragonsiji,Malu-maluin
@Lightha,Takut banget kebagian tiketnya
@Davidbrn123,Kenapa anime jumbo lbh bagus 
@humammukti3055,Lebih bagus kartun keluarga somat
@majalayando-ball,Kalo lawan boboiboy kalah mah ini 
@tafaboy9825,8 Bit 
@radityoakbar2182,"Kenapa gak beli di pasar,bendera nya?"
@dwiharianto5233,Indonesia tidak kekurangan  orang pintar tetapi Indonesia kekurangan  orang jujur. Inpo korupsi
@BILQISIPE-is8uq,Film gendeng 
@yuliamorla,Tinggal beli lagi benderanya
@ARJUNMAHESWARAPAUNDRA,"film sangat bagus, menarik untuk ditonton. membangkitkan rasa nasionalisme"
@Alyacute468,"Burung
Monyet"
@Pengkomen-handal,0:44
@SpiritEnkush,blyaaaaaat
@KingKong-f4s,Buset apaan nih mending nonton spongebob
@Lazyra17,Sakit mata 
@homtaaaaa,mending upin ipin darkweb
@indrapradityachannel5047,"Mohon ini di take down saja, ini memalukan ! Harga diri bangsa jadi taruhannya !"
@habiburrohman2767,filim peko
@haqqireza383,Lebih bagus adit sopo jarwo
@Ricky-tzx7,Film apa ini cokk jelek banget
@_ramasr,ancurr nih negara
@Rayyz1707,baru trailer nya aja udah gak demen gimana nanti full movienya
@GerryBonze,Lebih bagus karya LAKON STUDIO.
@anwarbabi123,HAHAHAHAHHAHAHA
@MonikaPalupi,"mungkin buatnya tahun 80an, baru sekarang direlease..surprise!"
@lorenzodevan9430,Kan tinggal beli bendera di toko atk gausah susah susah sampe hutan dan kok bsa bendera disandra?
@kawannobar2060,"apakah pantas hari kemerdekaan di rayakan jika para elit saja masih korupsi uang  kemerdekaan ,logika saja"
@nurrlatif,mending adit sopo jarwo
@nisanurfaizah4472,lebih bagus flim dulu dari pada ini
@bloschannel,Mending nonton adit sopo jarwo anjir lebih bagus dari ini
@sakiashizawaofficialfans,Dark web movie
@anggaramaulana-v6n,buruknyaa
@fajaredogawaa,"KEREN BANGET, BERASA TAHUN 2030"
@AhmadM-x9v,Gobbblllo
@AzkaNaufal-y3h,No mata gw
@AdrianSyam,film terjelek  bro masa di gudang ny ada senjata trus suara burung kok mqlah jadi suara monyet
@renaldypalgunady5710,Burik nya.....
@YusranFelix,Shootingnya pake kamera resolusi 144p
@xlgaming2225,Gak niat bikin kartun
@AndriesAgreste,Animasi dari planet mana ini dawg 
@Sevenvideo7,ini beneran akan tayang di bioskop?
@1tsfairy,gamau tau dislike videonya  liat trailernya aj udah ogah
@shahshahril7536,
@FunAIedits-l1v,"0:33 suara cowo berubah jadi 1:17 cewe mana slay banget lagi anjirrr ""LiNAa MaNaA?!?!"" "
@hanisasaputri7679,Gelisah banget gw nonton trailer ini
@fayzaaj,Maaf tapi kan tinggal beli 
@joachimariandosirait6199,film jaman masa kejayaan kerajaan tarumanagara
@bagas6392,"INI SEMUA EFEK BENDERA 1 PEACE 
Gini amat tetangga malaysia "
@fayyadhwangi,Absolutely cinema 
@erikactivity,bikin merindiing
@mr.music117,sejarah baru animasi terjelek indonesia
@lukaskurniawan.1522,"Cinepolis hebat, film sungguh luar biasa. Baru nonton 2mnt aja bikin mata nangis "
@NazlaLulu-b6t,"arsip aja min, trauma nonton trailer nya"
@denisa6863,11 12 sama animasi indosiar 
@gunturwidhiatmoyo6318,Film ini tentu akan memecahkan rekor sebagai film dengan jumlah penonton tersedikit dalam sejarah perfilman Indonesia
@alfreidhobanderas5872,Mendingan EPEP dah
@banguntriwijayanto256,Asli jelek bgt kualitas gambarnya 
@AdungSani,selesai gak selesai kumpulkan
@tohsdog,Kok animasinya sekelas AVATAR?
@awriezz,WKWKWKWKWKWK
@es_batu-l5b,Anomali burung bersuara monyet 
@bebipintar9079,0:44
@akmalrizal8812,Mampu gelak je
@iqbalaakbar9067,"Ini settingnya di hutan amazon kan?? Burungnya macaw biru merah dari brazil. Katanya nasionalisme, kenapa ga pilih salah satu satwa prioritas bangsa "
@rasalemonracing58,Ada Paul Pogba 
@pusvanikharisa,"Absen yg meninggal gara"" kartun satu ini yg bener"" jelek grafik dan kualitasnya pdhl 6,7 miliar wkwk kaku bgt"
@ameliasundari5405,Aturan mah beli bendera nya di pasar eh ini malah cari ke hutan hutan tanpa orang dewasa
@indahlazuarini1602,"Buat apa bendera dicari sampai ke hutan, bisa beli di pinggir jalan byk yg jualan bendera atau beli online "
@maulana4238,Amit amit
@DonGaming0310,Macet2 gitu gk smooth
@DarkBites22,"dari gta, the sims, burung monyt, ular naginz "
@Zil_al_ayyubi,Terang banget kontrasnya 
@Atmocats183,Mending beli bendera yang baru aja deh 
@Rchxndra,Cinepolis juga menayangkan..let's gooo 
@HOOH-tzy,ngapain cari bendera sampai hutan gak jelas
@FaisalRamadhan-w3d,Kyk kon
@kingadiet2219,Masih bagus film kartun Adit dan Sopo Jarwo
@NZL_14,Woilah nemu doksli 
@indahwidyastuti6307,"Baru kemarin bangga punya animasi sekelas jumbo, eh balik lg ke jaman baheula"
@naimulfirdaus9073,Bawa nama lambang negara loh kalian blok
@alfiah5108,"6,7 miliar, sagat sangat sangat diluar nalar"
@HengkiIrawwan,ALTERNATIF KORUPSI INI MAH 
@masmasbiasa196,Ps 1
@DedeDodong,masih bagus adit sopo jarwo
@maxxdewa,kok KEREN kok setara DISNEY kok se level ama PIXAR
@venadecember5890,"Mungkin terbentur waktu jadi nya harus tayang juga.
Ayo dukung kreasi Indonesia yang lebih baik go Indonesia.
MERDEKA 🇮🇩"
@Yuzionnn,Yg buat filmny fiks lagi ngobat
@roscoeoconnor-v4t,"Gue follow ️𝑰𝑺𝑻𝑨𝑵𝑨𝙱𝙴𝚃17️ bukan karena ikut-ikutan, tapi karena EMANG KEREN!"
@CaRum-x2f,huek cuih bagus an Adit Sopo jarwo
@aliongho2951,ini kyk game ps2 jadul
@kimlongill,HAPUSSS GAK!!!!
@Chochote404,Sumpah masa suara burung malah monyet!
@rinarizaldi6985,Kocak
@Yarraarts,"Ya allah, gue tuh ga pengen ngehujat. Tapi ini keterlaluan..abisin anggaran 6.5 M buat film beginia"
@cristalinowinstons9428,Lu malu²in tau gak?
@Pemulaofficial-qb6xy,desainer aja bilang ini sampah animasi
@Schlegelsteinhausenbergerdorff,Dari animasi sampe pengisi suara ancur semua. Wkwk..
@ancuran.peyek11,"Liat trailernya aja bikin sepet mata..gimana nonton di bioskop 1 jam lebih, langsung kasit mata kyknya"
@mohammadzamroni7160,Izin pake trailernya min
@titinaisyahfitriyani9573,"Aduh 
Kox gini?"
@RaditSeptiadi,Mata gw sakit
@Clukerr-i3c,Mata gua sakit liat ini
@Fikrioniz03,Waduhhhh kok film nya memakai nama merah putih sihhhh mending film nya bagus dan HD banget kalau itu mahhh animasi nya kayak adonan ttepung enggak ada istimewa nya 
@myudhafadhilah,baca komen di IG katanya animasinya kek ps 2... stelah cek trailernya.... ternyata bener...  kalau ini di edarkan tahun 2000 mungkin bisa booming grafisnya..
@sunshine-k1sn,"""0:42 beta byukA gYudang beNdera nYah HyilaNg~~"""
@rizkyf27,"rusak, rusak perfilman kartun indonesia.

mending nonton spongebob."
@ValzeeHS,"Dah pake 1080p masih aja burik, bikin mata sakit, buang buang waktu juga, animasi jelek dubbing ga niat karakter nyolong, bintang 1"
@user-vr10cw5qf5q,"Klo ini rilis tahun 1991, gw jamiin pasti booming...."
@nurshahira4662,"Ku kira monyet, rupanya burung"
@ariadera2432,Innalillahi wa innailaihiroji'un ini film
@wulanmaulidya5844,Mending sopo jarwo
@Muhammadherys88,"Nyari bendera doang aja Ampe ke hutan,knp ga dipasar aja"
@Yameteh69420,ABSOLUTE CINEMA
@AdiosEstupido-i4b,Grafik PS 1 wkwkwk
@DeniAkew-k4h,Sincan lebih bagus 
@AndreaAquera,Nonton pokeb aja
@IchaManiess,"Bendera tinggal beli di pasarr,,grafik bikin sakit mata"
@channelfebw,Pakai AI aja AI pro
@DianKim-g7s,Transisi capcut 
@VitriFabian,Ngapa coba nyari bendera kan ada di gang merdeka itu
@Feleciacantik,"Cinepolis Indonesia : "" EGP """
@Awang908-bg8ky,1:50 ada si nerd
@ARS_animasi,0:54 slayyy olayyyy
@FadhilWafiq-v9e,sini beli bendera gw aja 8 ribu
@signifocanvas,gosip dari mana 6.7m? 67 juta gw percaya.
@nickysumigar,Malu dong sama ipin upin 
@albanierama4217,BAGUS BANGETT JADI GA SABAR PENGEN NONTONN!!!! HEHE
@HaekalSiregar,"PS5 udah keluar, animasi bioskop masih setara PS2 "
@UwaWAHIN,Mending nonton anime ajay 
@subahiralamsyah3863,jauh kemana mana kualitasnya sama upin ipin
@billielachatte4841,"Keren nuansa retronya, keliatan produksi tahun 2005."
@doyongdarso1872,Msh bagus upin ipin
@mubarakduniawi5026,"film sampah, lebih bagus nonton upin ipin yang sudah nyata kualitas nya"
@XiaomiNote12-z8u,Ini film anime terbaik di Indonesia yg bisa menyaingi demon slayer
@ajine_23,padahal bikin filmnya abis biaya em em an ini...tapi ko kualitasnya? bagusan hasil ai konten kreator pemula
@samyoung783,"Entah obat macam apa yang di minum sutradara, alur ceritanya ngawur wkwk"
@yogiafrianto7983,Ihh takotnyeeee
@Railfans_Kereta_Indonesia,0:39 marah nya kayak nggak masuk logika
@curtriandalealdave2330,I'm from the Philippines. Someone says it's sad they had this kind of movie cartoon. 
@herdikhaerul4067,"Nonton cuplikannya aja bikin sakit mata & telinga, gak kebayang kalo nonton full "
@indonesiamerdeka89,Apani woi
@ARS_animasi,0:54 berhenty jangane lanjyute
@inspirasingapak7556,"Ibu pertiwi menangis melihat film sampah ini , sungguh miris aib bangsa"
@HackerIndonesia-l6u,"Kayaknya ini hanya jebakan nanti kalo  udh tayang itu malah  baguss menurutku sihhh,sumpahh ini memalukan sekali"
@linggatridana,Ngerakeun ajig!!!
@Amdjmtchannel,Film jelek
@muhammadnajib1106,pov: dikejar deadline
@Jayawardana21,Bisa jelek gt ya
@KyyybloxWZ1.21,1:19 jumscare
@nanajaemin8188,"Berantakan bgt, semuanya"
@DIAMONDGOLDD01,"Padahal cuma Bendera bisa""nya disandera"
@glow_pretty,"dengan ini Indonesia bisa bersatu, bisa bersatu ngehujad filmnya"
@Cheesec4k3_0,cari bendera di gudang senjata bagus.Ular nya Sangat realistis ya baru brung nya terbang nya realistis sekali Saking realistis nya sampai buat mata orang sakit jadi merah. animasinya jelek
@lordanthem6381,"anggaran 6,7 M hasilnya kek begini,, cinta akan uang memang akar dari segala kejahatan.. semoga Tuhan mengampuni kalian "
@raffifahh4108,"1:09 jatuh tapi ekspresinya datar banget  mana mata karakternya pada ga hidup bgt lagi, heran kok bisa masukin ni film di bioskop"
@UnknownGuysCH_ROBLOX,0:59 broken bone moment
@muhamadhadiridwan4043,Kont
@dennisalex8060,Animasi anak TK  cukup lucu untuk anak TK saja
@ReyfanOFFICIAL-x2n,Satpam nya tobrut
@hendrijayakristianto7456,0:45 Aduhhhh kebelet eeekkk
@AdibAdib-ly3el,Burik banget njir 
@ivanbennysajow,Kartun nya mirip roblox 
@parapencarirezeki296,bagus kaya minecraft
@KyyybloxWZ1.21,Di bilang hati hati malah gak hati hati
@JustJunawae,Grafik nya kyk ps 2
@chickensoup5332,JANGAN DITONTON
@freedomforlyfe2946,"Gila aja karya gajelas kaya gini di suguhkan buat bangsa indonesia. Niat nya bangkitin rasa nasionalisme tapi ngeliat nya aja kaya gak niat bangkitin nasionalisme, kaya produksi yg di korupsi kaya yg udah-udah."
@NurMaulidanAzizi,Keren
@Nfzmc,Burik
@gw-LANANG,Masih bagusan keluar somat
@dickyherdian5404,Njir buluk banget ya
@ramdlaniihsan6913,labih bagus film keluarga somat
@putragaming8883,Bagusan dot dsain
@ANDRIPRAYOGA-d7y,Ini film horor?
@drajatnia9098,Bendera hilang bisa d beli d pasar pramuka.. 
@LudiAchmas,Bagus buat tontonan anak kecil yg tidak tau apa2
@dolliee_b0mzz,JLK BGT
@nabielpark1939,FILM KARTUN TERBURUK SEPANJANG SEJARAH
@iraMaulidaayy,"aku suka alurnya tapi kenapa grafik nya majapahit banget,trus dubbing nya ga jelas,""ko ni bagaimana,bendera,beta buka gudang bendera nya hilang"", sama satu lagi di menit 1:01 : kepleset nya dimana jatuhnya kemana"
@Tomipratama98,Bagusan Kartunnya Keluarga Somat Dari Pada Ini.Yg Ini Isinya Anomali Semua
@muhammadbagusadikusuma9955,"mata saya minus, tambah parah mungkin kalo liat ini di bioskop."
@diaryumma_nana,
@FantyaCerebellaAslamy,Wahhh aroma KORUPSI nya KUAT SEKALII 
@hanzz_elaaaa,"""berhenti jangan tayang"" "
@hellohello5hguy,vro.. 
@FitriAni-ve3yf,dawgh blud benar benar mengisi gudang nya dengan m4A1
@vitaranisa5725,Upin Ipin ketawa liat ini
@lonnymarquardt,Gak lengkap kalo hari-hari tanpa konten dari ️𝑰𝑺𝑻𝑨𝑵𝑨𝙱𝙴𝚃17️
@DafiMuhammad-is3nj,"Nyari bendera amoe ke hutan,padahal gerbang nya ada banyak bendera"
@Anastasya-p3h,1:05 'awas hati hati' nya bikin boros batre bngt 
@muhiksaniksan4241,wao ada aka4
@RevanAlthafiasany,Film kon
@ahmadmustakim1456,Film blur ngene
@AllySsa-qs4ey,
@Naflaaa24,Aduh matakuuu
@ArsyadAufar,Absen yg mual setelah nonton
@cyrilhamrick,Gaya kontennya ️𝑰𝑺𝑻𝑨𝑵𝑨𝙱𝙴𝚃17️ selalu beda sendiri
@Nagari2637,Lost media
@zarroott,"ih jlk bgt, mf ya "
@Himbruh2016,Ini bagus banget saking bagusnya aku akan muntah
@Ferleo11,"kepleset ampe kepala kebentur tp soft spoken bnget.,aduuuuhhh"
@duniamewarnai2774,"Sangat indonesia....
Meskipun jelek....tapi itulah indonesia saat ini....
Terutama di desa"" Tertinggal.
Mulai dari lokasi-kualitas sdm.nya dll"
@TetapTegar-s2f,Lebih bagus jumbo
@nadasetyawan7189,"Ini yg buat animasi modal ordal ya pasti.. lulusan SMK grafika aja bs bikin lebih bagus dr ini kok.. ya Allah, maluu aku"
@saladinsaladin7236,Tonton sendiri aja ... G usah di publisitikan....  bikin malu aja ....
@teemarcell,Yang bikin film resign aja haha. Gak cocok hidup kamu. Bikin malu 
@joymaradona7695,"kacauuu.... spertinya yg bikin grup anak2 pejabat yg br belajar, bgitu jd manfaatin jabatan bpknya utk lulus seleksi dan lngsung tayang"
@ungaaaY22-h4p8h,"bagus""aja kata aku mahhh bikin judul baruuu weee merah putih indoensia meme"
@Ronny_sigma145,Adek gw kemarin nonton ini nih langsung sakit wak
@miirukx,Ini apaan woi
@garz2709,animasi nya di ber baik kan
@nieran1453,Why is it so ugly?
@DzulhannanDzul,Sekarang taun berapa
@deviyustikaperwita3502,Alhamdulillah ga tayang di Cinepolis wkwkwkwkwk
@hanselgretel1745,GELOOO LEBIH BAGUS DARI PADA DEMON SLAYER WAK
@AlisyaNahyzia-w9c,Ini beneran film ?
@keylamardeva1932,bagusan dhot design
@Kicauharianchannel,Gk masuk akal alur cerita nya 
@andiusman533,Lebih bagus Upin ipin
@hanayshacahnnel6141,Lah....
@musicstudios-b7d,masak kalah sama film battle of surabaya yang rilis tahun 2015
@rizalardhi5789,Asoooo
@rdyn1907,LK21 juga males ngebajak nya
@jubahbotak,"dari sebanyak film animasi cartoon Indonesia hanya animasi ini yang grafik dan alurnya ga nyambung dan ngga cocok tayang di bioskop

bikin malu Indonesia aja"
@Temanonlinekamu,Yg buat cerita ini mabuk kecubung apa kek mana  ngapain juga bendera di sandera  klau bendera hilang tinggal beli ajalah apa susahnya  berpetualang mencari bendera yg hilang  agak gimana gitu ya weee
@bananaMAN831,Kerakter ko beli
@afarobineri1071,Animator kek ny ga bisa bedain burung Ama monyet ya
@rian_satoru,Animasi terjelek daripada tokyorafangger
@Strasse130,0:53
@GallantMarone,1:44 ntah kenapa suara kaya mirip google
@Bahrainbotkrocoff,0:51  𝐤𝐚𝐥𝐢𝐚𝐧 𝐬𝐚𝐝𝐚𝐫 𝐠𝐚 𝐝𝐢 𝐬𝐢𝐭𝐮 𝐚𝐝𝐚 𝐜𝐞𝐰𝐞𝐤 𝐭𝐢𝐧𝐠𝐠𝐢 𝐦𝐮𝐤𝐚 𝐟𝐮𝐥𝐥 𝐩𝐮𝐭𝐢𝐡 𝐤𝐞𝐜𝐮𝐚𝐥𝐢 𝐛𝐢𝐛𝐢𝐫 𝐝𝐚𝐧 mata
@Snlvy._,Resah bgt nontonnya
@ianwite9020,sayang2 bikin film...cmn bikin lu rugi doang ga ada yg nonton
@RirinWindiastuti,Berhenti! Jangan lanjhyutt~
@MhdRadian,"kek nya harus make kaca mata ples""ples ni"
@BayokAkun,animasinya burik kayak game PS 1
@SmallPollution,Film apa ini dawg? 
@naura2848,kok jelek ya maaff
@viaaviaa440,bagus banget sumpah boong
@jebiwisangga6421,"""TuNgGu~~ LiNa MaNa~~"""
@diancusk,sakit mata gw
@fforf3510,"Masih cakepan anime iklan sasa
Atau animasi nya sirup marjan"
@learningeducationsolutions2240,"Mohon maaf, saya sampai check qualitas video setting youtube ku, oh sudah 1080 ternyata"
@AndriTunru,0:50
@khaavl5480,Masih bagusan animasi keluarga si somat dripada ini
@aachannel1012,"Film animasi rilisan tahun berapa ya ini?
1982 kah ?"
@TegarBudiPrasetyoTegarBudiPras,Ini yg bikin siapa yaa kocak bangetttwkwkwkwkwkwkwkwkwlwkwlwkwk
@wulanmaulidya5844,"Animasi yg bagus itu sopo jarwo, nusa dan rara, kiko itu buatan indonesia paling keren"
@bibobalula,“Tapi benderanya hilang” … “Tindakan apa yg akan diambil” .. hadduuuhh2 keliatan bgt amatirannya
@AriefDaniel-k2s,animasi indonesia makin maju 
@deviaayu8300,kenapa ga kerja sama aja sm animator yg bagus-bagus kek kmrn di film jumbo atau nusa tu drpd kek gini. maaf ini kurang bgt sih 
@idapurwati,Ini siapa yang bikin?
@grey5n9,game name?
@Terimakasih_orba,Film yang bagus cuma salah tahun penayangan aja.. harusnya tayang di tahun 80 an..
@ahmadsopian7606,Karakternya mukanya kek orang melamun mana beler beler smua lagi wkwk mana pas ngomong berhenti jgn lanjut nadanya kek boti bgt
@MuhammadSena-ml8yx,Kok gw punya feeling nih budget 6.7m di korr....
@Bfdilovers,"0:30 tok dalang
0:39 gyat
1:03 bocil anti air
1:10 hati-hati
 burung suara nya monyet️
 ceramah dlu

Mending gua nonton Adit sopo jarwo aja elah"
@yuyuyaya1530,Y allah...apaan iniiii
@ClutiehGoes-iu1nq,Lebih bagus animasi anak magang dari ini hancurrr
@bintangjatmiko-hi1zm,buatan anak indonesia VS Buatan pemerintah
@Ruiii-m8u,berhenti jangan lanjyut
@akmalrizal8812,Budak² mana boleh masuk hutan bahaya ini bukan contoh yg baik.  Buat filempun agak²lah.  Bahayakan anak kecil.  Umur kaya gitu gak harusnya masuk kehutan.
@SLUG_BUDDY,Beta buka gudang anggarannya hilang
@MuhAdlyy,Sudah pasti dana nya di korupsi
@Tupai123-p8y,bikin malu indo
@dewian5449,"1:55 ""YG"""
@UwaWAHIN,Kok bagusin Upin Ipin ya
@meansiagian,"Namanya juga usaha, kadang hasilnya bagus kadang enggak ,
Skip aja udah "
@nickvahn,Wkwkwkkw lawakan macam apa ini. .burik bener bisa tayang dibioskop..aneh aekali
@Yuzionnn,Sakit mata gua liatny hpuslah pliiis
@shrazita,0:40 gudang desa apa markas kartel jir
@Jourgansummer2.0,Korupsi ini jelas penjarakan sutradara nya!!
@poh8651,what the sigma
@user-su7bv4ur6r,Satpam tobrut
@azimazmi5054,ini standard tv tahun awal 2000
@riskyajah6731,
@hafidzali4313,ini film apa  kartun hancur
@AkmalH.TGaming,Jangan di tonton ni film nanti malah orang nonton film ini pasti kalian kalau mau nonton cuma ngatain kan nah orang orang nanti jadi penasaran terus lihat film ini
@akademicryptolitee,Mampir kesini aja
@Maziradailychannel,"berasa nonton sinettron tp versi animasi cuma, lebih burik"
@sadikindikin-t4j,Mencoba untuk mengapresiasi.. Tapi kata hati gk bisa bohong.. Saran.. Kalau nonton  sambil mejam.. Saya rasa lebih bagus
@fb_chenel,sejak kapan burung suara nya kek monyet gitu 
@muhammadalghofiqiauliarach804,Absolute cinema ini..
@RhythmFYP,Bagusan Kartun Sopo Jarwo 
@sanzzcuyy-19,"Film apaaa ini dan kenapaaa di gudang ada AK47 ini mu perang kah suara hati² sama aduh nya beda padahal yang ngomong sama burung suara monyet jatoh kiri teleport kanan, nulis yang aja ga bisa kah ituuu, bro lebih nonton KIMETSU NO YAIBA yuk nonton KIMETSU aja mau gua di bayar 2M juga ga mau gua nonton ini!"
@RazakSmile_GD,1:27 HUUUHAAHUUUHAAAAA 
@ibnusyarirramadhan7782,0:53 berhenti jangan lanjyut~
@adriean6031,dipaksa tyang yak wkwkw
@Ammarkamal-j9m,burik jir bikin malu aja
@ardifan839,video darkweb ini
@BETURGAMING,Jadi kayak game
@Argacraft01,Bagusan jumbo dari pada ini
@Kayleen163,Gk layak buat di pasang di bioskop  anjirr
@candrawijaya5152,grafik nya lebih jelek ini dri pada epep grafik smooth
@rizqullahakbarpratama2246,0:08 itu ada bendera banyak napa harus nyari sampe hutan?
@MuhammadZhafranRamadhan-q3i,Animasi terjelek bagi dunia
@renaldyrama,Film gak jelasssss
@AkUnn-p3y,lebih baik nonton Adit sopo Jarwo 
@RizkyAdithia-dd6sl,Yang tekan tombol  absen
@AdeAdeandrianto,alamak najisnyaa
@MarselSaputra-z1p,Ihhhhhh takot nyooooo
@blossombelleee,berhyenti! jyangan lanjyut 
@andiyunas8033,"Klo ini yg bikin dana pribadi sendiri gpp,,tapi klo di sponsori pemerintah,,tolong jngan di tayangkan,,malu kita dri tetangga sebelah sebagai bangsa yg besar,,di hari yg sakral lgi.. "
@deadwalker135,Woilah cik apa gunanya nyandera bendera anjir
@alfisyahrin5412,"Jangan di hina lagi guys
Ni kartun emang udah hina"
@safashafiyah5864,Mata jd rusak liat pencahayaan nya 
@muhammadrevandi8614,Film nya ga niat bgt
@xam6594,"Sumpah gua mual liat animasinya, ga boong asli"
@viko1479,Bendera pdhl bisa dibeli lolot
@elierawati3306,Alamak najisnya
@dboyzproduction7181,Anj... film gta 5 yg gw bikin sendiri meski kurang jelas ceritanya masih lebih bagus dari pada ini.. secara gw bikinnya pake grafik dan mod di game..
@SamsungA03-p3c,Jelek banget masa anak kecil disuruh cari
@mynameisadit,"jelekk anyingg, kaya grafik game 10mb. bikin malu indonesia gini nih film kagak jelas anying, dari suara murahan banget kocakk, fps nya patah patah anjirr jaman purba, kalo di tahun 1945 mungkin bagus kartun nya, tapi kalo 2025 ini terjelekk, mending hapus aja deh film nya dari pada malu-maluin animator indo. bagusan juga film jumbo dah"
@scandetopia,Sepertinya aku kembali ke tahun 90 an...
@Yayauki_54,lilnas
@lwelleglance3044,"Kl ada yg rela nonton di bioskop, gue standing applause "
@BilalArsyanendra,Tinggal beli aja malah ke hutan
@Ubaidillah-b4t,Burung monyet 
@tirandipratamaputra,"Film Jumbo itu dibuat 5 taun 
Ini deadline hanya seminggu mohon pengertiannya ya, jangan menghujat"
@regeeeer,Film animasi tahun 2025 kaya gini????? 2025 loh
@XiaomiNote12-z8u,Film terbaik sepanjang masa bersyukurlah kalian udh punya anime sendiri. Kita sebagai warga indonesia harus bangga dong dengan karya anak bangsa 
@BARAKAH01GMG,Kartun burik 8bit lebih mending kartun nusa dan rara dari pada ini jadi kartun ini yang bersaing sama anime demon slayer labih bagus demon lah 
@UniSoviet-u3i,Bagusan kartun keluarga somat sama dontol
@Iaiaaka,Berhwenttyyy Juangan lanjyut ️ 0:55
@Erikkwan28,Grapic kek ps1 dqh
@DarkBites22,info dislike nya brp coy wkwk
@Its_slimbllesimblle-n8p,
@misrans8184,Buat malu bangsa
@FaizalArshad-q3v,"Menurut gw, di bagian 2:01 yg paling bagus grafiknya"
@servantofgod8222,Alamak najisnya
@semuaumur193,Masih bagusan film ular naga indosiar
@coming_back_in_202,"Suara jalan nya kayak suara grass di minecrafttrs ada gudang senjata lgigimana coba animasi nya lebih bagus animasi tahun 2015an gerakan nya juga kaku,suara nya kayak record wa,trs suara lagu nya mirip lagu suno ai tar lama lama yang ada bukan memperingati HUT RI ke 80 tapi hut film terjelek di dunia️"
@felixchristian9904,Rusak rusak
@AqeelaManha-w6l,Wkwkwkwkwkwkkw
@K4iserRoblox,1:10 aduhh
@naokiisback,jadi ga jadi harus dikumpulkan 
@Fardan735,Banyak anomali jor
@Ldthnth,"hell nah 6,7 milliyar"
@Mikayla_1323,0:38 hilang terus ini apa 0:08 diatas gapura
,Well well well
@tiarasuryamadani3271,itu AK-47 di balai desa buat apa deh 
@gilamancing3000,Film burik
@Vincent-M2020,ini film bukan lah kartun sampai akhir jelek banget
@rendyhairr0707,
@GG_XD_Craft_Gaming,0:59 patah tulang kepalanya
@dikifreefiree3220,Aduh kebelet eek
@ohmpawat-n4r,Grafik ny kurang bgtt plss
@boby.setiawan,Jumlah penonton trailer ini kayaknya bakal lebih banyak dari jumlah penonton filmnya.
@AmankTamin,Oooo ini tuh filmnya 
@sarikerja-z6z,kok bisa animasi se jadul ini PD banget tayang di bioskop
@aldiarudi,"Najiss kartunnya, mending kartun jumbo daripada ini, ampasan kopi ini"
@zhafrankhairykurniawan5771,Apani woi
@cakasrofcenel7216,Burikkk
@rachiez7626,Kayak mimpi buruk pas demam
@Jingga_milk,Marsha kurang gizi wak
@DzulhannanDzul,Berapa modal nya
@Tukangcover11,Hallooo aku datang hanya untung mencaci makiii
@FLASHHHH-k6m,Arsip deepweb knp bisa bocor ke YouTube?
@axelwicaksono363,"6,7m rupiah apa 6,7m Zimbabwe?"
@fantaatmaja8406,grafiknya kayak video darkweb anying
@ArieSindhunata,"Film yg bagus, tp salah jaman, harusnya diputar di dekade 1970an. Kalo di jaman itu pasti banyak yg kagum deh "
@Ayatkhan05,"konspirasi PKI, nonton chanel guru gembul"
@mtkajiansunah5736,Jelek bnget masih bgus film jumbo
@moonracless,Roblox ini
@nanangwiryanto4263,aduh.balik lagi ke jaman dulu...
@rumarummmm.012,jlk bat jir
@yantoforsa79,"MENDINGAN DIHAPUSSS AJA WAH,MALU""IN"
@CleosaAninditho,Film jlk
@dziaulhaq8444,aku bangga
@Dahlannnz,kalo bendera hilang tinggal beli
@amat4641,BUATAN ANAK BANGSA
@OktovintheofillusC,#jelekbangetdaripadajumbooooooooo
@bayupamungkas8347,Film apaan ini
@mahdivikyaa,apa ini wkwkw
@NobiAndika,Buriknya oyyyy sakit mataku
@richardbranson4537,"1:55 sekelas trailer, Nulis yang disingkat 'yg' "
@AdnanAdnandirardi,animasi lol
@Bebexduex,
@RizanMaulidi,Jir ada senjata ak47 di gudang
@MuhammadZaky-k6t,keren bgt anjg
@Suharso-u5f,"Perasaan anak2 bangsa klau bikin animasi  di youtube bagus2 loh..coba lihat animasi yg cerita rakyat nusantara wow..bagus bgt,sampai aku donwlond semua"
@IvankPrakoso,Buset daah yg gini tayang di bioskop di
@AndriTunru,1.30
@ramlanfadilah1703,1:09 capek ngetawain lina
@pulunggono-d2v,gila AK
@lijeedeerrs2,"grafik nya jelek, karakter nya kayak karakter belum jadi mana muka mereka ngeselin apalagi baju merah IIIHHHH"
@RONALPIRAN,"HD BANGET BANG, KEREN BINTANG 0,5"
@odiliaewyn3298,Sumprit ..... ini film yg patut daftar OSCAR
@hendrawanbwpt4609,Kaku x filmnya
@AnggiMuladir,Film jelek bikin malu
@ihn1203,VISUALNYA BAHKAN LEBIH BURIK DAN KETINGGALAN JAMAN DARIPADA PS1. ANIMASI KOMERSIAL SEKELAS JUMBO AJA UDAH MENDUNIA. LAH INI KATANYA PRODUK NEGERI TAPI KAYAKNYA LEBIH COCOK DISEBUT PROYEK AKAL-AKALAN DARIPADA FILM.
@ЅӨӍЄӨҊЄ-г2ъ,1:55  yg gak tuh
@sprunki_y3,Karak ter scp
@ekawijaya855,Ni pejabat pada ngapain ya?? Yang katanya Proyek negara gak ada yang beres.
@ThatDruidDude,0:59 genre apa film ngab??
@zairfirmansyah3283,Sangat tidak layak tanyang dibioskop ini
@Fida-c4l,melihat pun tidak sudi
@muh_sayyaf,"gak kuat anjir liat trailer nya aja..
karya ini terlalu bagus untuk tampil di bioskop"
@cristalinowinstons9428,Bagusan tekotok jir
@nikenrose2,Astaghfirullah
@cyn_imoett,Mata segede gaban dan ada 2 goa setiap badan merekaa
@rizaldi5144,Burung nya suara monyet 
@lightningaviary,ko cinepolis mau si ditumpangin trailer kaya gini wkwkw
@nauraart6,"""Beta buka gudang, bendera nya bilang"""
@FanzSky-b2e,Kasih bintang 1 guyss
